Id,Title,Score
1,newstyp,0.6931471805599453
2,newstyp,0.6931471805599453
3,newstyp,0.6931471805599453
4,newstyp,0.6931471805599453
